YR_MTH,gov_UTL_RATE
201911,62.892209623178175
201912,64.01234686648412
202001,62.33752724148238
202002,63.36363636363637
202003,64.0389901575959
202004,63.35405332175162
202005,64.67584293459355
202006,64.91799311823351
202007,64.74166932040603
202008,63.61731975677512
202009,64.3446720278076
202010,63.43325936650956
202011,66.19554558663464
202012,64.09860729982574
